latitude,longitude,brightness,scan,track,acq_date,acq_time,satellite,instrument,confidence,version,bright_t31,frp,daynight,type,distance,max_temp,avg_temp,min_temp
-23.1626,-53.7109,304.9,2.6,1.5,2022-01-01,244,Terra,MODIS,62,6.03,290.3,26.2,N,0,0.06671695598705646,34,27,20
-23.3932,-53.8741,306.2,2.5,1.5,2022-01-01,244,Terra,MODIS,67,6.03,290.8,25.4,N,0,30.63982203841996,34,27,20
-23.3858,-53.8703,305.4,2.5,1.5,2022-01-01,244,Terra,MODIS,59,6.03,290.7,21.6,N,0,29.738742689849122,34,27,20
-23.1586,-53.7074,305.7,2.9,1.6,2022-01-01,422,Aqua,MODIS,62,6.03,289.2,33.8,N,0,0.5205426616584258,34,27,20
-23.1601,-53.7127,303.8,2.9,1.6,2022-01-01,422,Aqua,MODIS,57,6.03,289.2,30.2,N,0,0.2801754201598025,34,27,20
-23.1581,-53.7227,325.7,1.0,1.0,2022-01-01,1340,Terra,MODIS,64,6.03,302.5,14.2,D,0,1.2819360820968388,34,27,20
-23.1597,-53.7126,354.5,1.0,1.0,2022-01-01,1340,Terra,MODIS,91,6.03,304.7,66.3,D,0,0.3092124656837547,34,27,20
-23.1688,-53.7143,339.7,1.0,1.0,2022-01-01,1340,Terra,MODIS,81,6.03,305.4,34.6,D,0,0.8321887547924287,34,27,20
-23.1703,-53.7042,326.5,1.0,1.0,2022-01-01,1340,Terra,MODIS,54,6.03,301.9,15.1,D,0,1.1493097360959776,34,27,20
-23.383,-53.8742,344.8,1.0,1.0,2022-01-01,1340,Terra,MODIS,78,6.03,310.4,41.8,D,0,29.700691135219614,34,27,20
-23.3906,-53.8859,368.0,1.0,1.0,2022-01-01,1340,Terra,MODIS,0,6.03,306.0,103.0,D,0,31.075079302003836,34,27,20
-23.3921,-53.8758,339.1,1.0,1.0,2022-01-01,1340,Terra,MODIS,0,6.03,307.6,32.1,D,0,30.632440584602172,34,27,20
-23.3997,-53.8876,333.8,1.0,1.0,2022-01-01,1340,Terra,MODIS,0,6.03,300.4,23.1,D,0,32.00534638365532,34,27,20
-23.3913,-53.8746,331.0,4.2,1.9,2022-01-01,1809,Aqua,MODIS,0,6.03,300.7,141.9,D,0,30.490816079357973,34,27,20
-23.1584,-53.7282,327.2,4.3,1.9,2022-01-01,1809,Aqua,MODIS,41,6.03,296.0,127.2,D,0,1.8133760932809373,34,27,20
-23.1583,-53.7331,325.0,4.3,1.9,2022-01-01,1809,Aqua,MODIS,43,6.03,296.4,107.0,D,0,2.306575497788276,34,27,20
-23.1507,-53.7097,321.3,1.9,1.3,2022-01-02,149,Terra,MODIS,100,6.03,293.4,43.4,N,0,1.2624778356847777,36,29,23
-23.1527,-53.7279,314.5,1.9,1.3,2022-01-02,149,Terra,MODIS,89,6.03,293.2,28.7,N,0,2.0223899628471504,36,29,23
-23.145,-53.7232,312.4,1.9,1.3,2022-01-02,149,Terra,MODIS,84,6.03,292.7,24.8,N,0,2.2703926959326233,36,29,23
-23.1571,-53.7217,312.4,1.9,1.3,2022-01-02,149,Terra,MODIS,84,6.03,293.6,24.3,N,0,1.2312457336398979,36,29,23
-23.1832,-53.737,329.2,1.9,1.3,2022-01-02,149,Terra,MODIS,100,6.03,294.7,65.4,N,0,3.5602675239318935,36,29,23
-23.1812,-53.7188,324.2,1.9,1.3,2022-01-02,149,Terra,MODIS,100,6.03,294.5,49.5,N,0,2.2825774538446195,36,29,23
-23.4072,-53.9056,313.4,1.9,1.4,2022-01-02,149,Terra,MODIS,86,6.03,295.1,28.9,N,0,33.746788803887945,36,29,23
-23.1714,-53.7248,307.9,1.1,1.0,2022-01-02,505,Aqua,MODIS,58,6.03,294.1,7.8,N,0,1.763997975586584,36,29,23
-23.1445,-53.7097,325.3,1.1,1.0,2022-01-02,505,Aqua,MODIS,100,6.03,292.8,26.3,N,0,1.949774982210485,36,29,23
-23.1431,-53.7204,316.3,1.1,1.0,2022-01-02,505,Aqua,MODIS,93,6.03,292.6,16.2,N,0,2.3151738736106027,36,29,23
-23.1808,-53.7262,315.2,1.1,1.0,2022-01-02,505,Aqua,MODIS,91,6.03,294.6,14.0,N,0,2.6107993268100644,36,29,23
-23.141,-53.7263,322.7,3.5,1.8,2022-01-02,1422,Terra,MODIS,17,6.03,296.7,64.6,D,0,2.8163292089392384,36,29,23
-23.3825,-53.87,320.6,3.4,1.7,2022-01-02,1423,Terra,MODIS,0,6.03,296.9,49.4,D,0,29.415539856061166,36,29,23
-23.1466,-53.7286,360.8,1.2,1.1,2022-01-02,1714,Aqua,MODIS,100,6.03,309.5,94.2,D,0,2.491389945200243,36,29,23
-23.1639,-53.7536,342.6,1.6,1.2,2022-01-03,231,Terra,MODIS,100,6.03,294.4,87.0,N,0,4.370394178174844,36,29,24
-23.2163,-53.7269,342.5,1.6,1.2,2022-01-03,231,Terra,MODIS,100,6.03,295.7,86.7,N,0,6.255439944796283,36,29,24
-23.2189,-53.7421,341.2,1.6,1.2,2022-01-03,231,Terra,MODIS,100,6.03,295.2,82.5,N,0,7.0852190909041335,36,29,24
-23.2053,-53.7292,342.0,1.6,1.2,2022-01-03,231,Terra,MODIS,100,6.03,297.3,84.5,N,0,5.165333499864819,36,29,24
-23.2079,-53.7444,318.9,1.6,1.2,2022-01-03,231,Terra,MODIS,98,6.03,293.9,27.0,N,0,6.146083794346326,36,29,24
-23.1943,-53.7316,318.6,1.6,1.2,2022-01-03,231,Terra,MODIS,97,6.03,294.5,25.9,N,0,4.168550558380267,36,29,24
-23.1612,-53.7385,338.3,1.6,1.2,2022-01-03,231,Terra,MODIS,100,6.03,293.7,71.5,N,0,2.8230194823377524,36,29,24
-23.1502,-53.7408,315.0,1.6,1.2,2022-01-03,231,Terra,MODIS,49,6.03,293.4,19.5,N,0,3.326576205639858,36,29,24
-23.1338,-53.7128,331.4,1.6,1.2,2022-01-03,231,Terra,MODIS,100,6.03,292.5,53.6,N,0,3.1417085852941233,36,29,24
-23.1365,-53.728,313.2,1.6,1.2,2022-01-03,231,Terra,MODIS,37,6.03,291.6,17.4,N,0,3.3311524832847828,36,29,24
-23.1425,-53.7018,320.1,1.6,1.2,2022-01-03,231,Terra,MODIS,83,6.03,292.0,28.4,N,0,2.3594783537669906,36,29,24
-23.1502,-53.7474,314.0,1.6,1.2,2022-01-03,231,Terra,MODIS,56,6.03,292.8,19.0,N,0,3.955596750631535,36,29,24
-23.1314,-53.7041,315.6,1.6,1.2,2022-01-03,231,Terra,MODIS,52,6.03,292.4,21.3,N,0,3.472870747496157,36,29,24
-23.134,-53.7194,327.0,1.6,1.2,2022-01-03,231,Terra,MODIS,100,6.03,292.2,44.2,N,0,3.2324748607663505,36,29,24
-23.1607,-53.7572,356.8,1.4,1.2,2022-01-03,1327,Terra,MODIS,98,6.03,299.5,104.9,D,0,4.735581323727658,36,29,24
-23.1998,-53.722,328.3,1.4,1.2,2022-01-03,1327,Terra,MODIS,0,6.03,300.3,17.2,D,0,4.353616853753485,36,29,24
-23.1387,-53.7316,335.2,1.4,1.2,2022-01-03,1327,Terra,MODIS,62,6.03,302.0,37.7,D,0,3.345380636147838,36,29,24
-23.142,-53.739,332.3,1.4,1.2,2022-01-03,1327,Terra,MODIS,23,6.03,301.3,27.1,D,0,3.633112611253832,36,29,24
-23.1526,-53.7411,332.2,1.4,1.2,2022-01-03,1327,Terra,MODIS,41,6.03,301.2,25.0,D,0,3.2596469308029254,36,29,24
-23.1305,-53.7156,340.6,1.4,1.2,2022-01-03,1327,Terra,MODIS,85,6.03,300.3,54.4,D,0,3.5354511134817925,36,29,24
-23.1329,-53.7018,346.2,1.4,1.2,2022-01-03,1327,Terra,MODIS,68,6.03,299.6,70.9,D,0,3.36688184702769,36,29,24
-23.1248,-53.7349,305.2,3.1,1.7,2022-01-04,136,Terra,MODIS,63,6.03,287.8,32.7,N,0,4.80956565725606,33,27,23
-23.1273,-53.7401,302.5,3.1,1.7,2022-01-04,136,Terra,MODIS,30,6.03,287.9,23.1,N,0,4.878663318165611,33,27,23
-23.1206,-53.7172,329.2,1.0,1.0,2022-01-04,452,Aqua,MODIS,100,6.03,290.8,29.0,N,0,4.64832022982236,33,27,23
-23.0721,-53.6723,304.9,1.0,1.0,2022-01-04,452,Aqua,MODIS,62,6.03,289.7,7.0,N,0,10.747610797275089,33,27,23
-23.1191,-53.7272,305.2,1.0,1.0,2022-01-04,452,Aqua,MODIS,18,6.03,289.8,6.4,N,0,5.05303188923448,33,27,23
-23.1222,-53.7072,303.8,1.0,1.0,2022-01-04,452,Aqua,MODIS,14,6.03,289.5,5.4,N,0,4.441698643909262,33,27,23
-23.1374,-53.7322,338.3,2.1,1.4,2022-01-04,1410,Terra,MODIS,68,6.03,298.3,81.6,D,0,3.49642174659482,33,27,23
-23.1675,-53.7005,343.5,2.1,1.4,2022-01-04,1410,Terra,MODIS,0,6.03,296.5,105.1,D,0,1.2265399475278875,33,27,23
-23.1382,-53.738,335.2,2.1,1.4,2022-01-04,1410,Terra,MODIS,41,6.03,297.8,65.6,D,0,3.8315318214784253,33,27,23
-23.2195,-53.7224,322.8,1.1,1.0,2022-01-05,219,Terra,MODIS,100,6.03,295.1,21.4,N,0,6.500854773872953,33,27,22
-23.143,-53.6993,312.3,1.1,1.0,2022-01-05,219,Terra,MODIS,85,6.03,294.0,12.3,N,0,2.422820645662787,33,27,22
-23.1199,-53.7358,308.8,1.1,1.0,2022-01-05,219,Terra,MODIS,53,6.03,291.2,8.3,N,0,5.328851114347977,33,27,22
-23.1148,-53.7431,341.1,1.1,1.0,2022-01-05,219,Terra,MODIS,100,6.03,293.6,49.8,N,0,6.195642130616467,33,27,22
-23.1164,-53.7535,304.9,1.1,1.0,2022-01-05,219,Terra,MODIS,33,6.03,291.3,6.3,N,0,6.684544780924591,33,27,22
-23.1055,-53.7448,313.2,1.1,1.0,2022-01-05,219,Terra,MODIS,87,6.03,292.0,12.2,N,0,7.175369016114168,33,27,22
-23.111,-53.7476,301.5,3.5,1.8,2022-01-05,535,Aqua,MODIS,42,6.03,290.9,27.6,N,0,6.80013623240688,33,27,22
-23.219,-53.728,331.4,1.6,1.2,2022-01-05,1744,Aqua,MODIS,0,6.03,307.7,27.8,D,0,6.574682390076694,33,27,22
-23.1302,-53.7538,343.2,1.6,1.2,2022-01-05,1744,Aqua,MODIS,76,6.03,306.7,63.3,D,0,5.634071412862714,33,27,22
-23.1164,-53.7408,340.8,1.6,1.2,2022-01-05,1744,Aqua,MODIS,52,6.03,306.5,51.2,D,0,5.920871049458308,33,27,22
-23.1178,-53.7461,344.8,1.6,1.2,2022-01-05,1744,Aqua,MODIS,81,6.03,307.5,70.9,D,0,6.091750163857739,33,27,22
-23.1013,-53.7177,339.9,1.6,1.2,2022-01-05,1744,Aqua,MODIS,60,6.03,304.8,53.8,D,0,6.785254280695503,33,27,22
-23.0875,-53.7046,413.1,1.6,1.2,2022-01-05,1744,Aqua,MODIS,94,6.03,312.2,647.5,D,0,8.309035364917737,33,27,22
-23.0902,-53.72,377.9,1.6,1.2,2022-01-05,1744,Aqua,MODIS,100,6.03,309.4,259.2,D,0,8.037844265966719,33,27,22
-23.0709,-53.6759,326.6,1.6,1.2,2022-01-05,1744,Aqua,MODIS,44,6.03,291.1,24.3,D,0,10.743635994012074,33,27,22
-23.0764,-53.7069,370.2,1.6,1.2,2022-01-05,1744,Aqua,MODIS,94,6.03,310.6,207.1,D,0,9.527071566662915,33,27,22
-23.0598,-53.6783,336.7,1.6,1.2,2022-01-05,1744,Aqua,MODIS,67,6.03,298.9,51.7,D,0,11.84310260654474,33,27,22
-23.0625,-53.6938,359.0,1.6,1.2,2022-01-05,1744,Aqua,MODIS,93,6.03,304.3,142.7,D,0,11.201256445337995,33,27,22
-23.067,-53.7175,321.4,1.4,1.2,2022-01-06,440,Aqua,MODIS,58,6.03,295.1,26.3,N,0,10.585060218862907,32,26,22
-23.0304,-53.7044,309.1,1.4,1.2,2022-01-06,440,Aqua,MODIS,17,6.03,292.7,11.8,N,0,14.648347350830901,32,26,22
-23.0596,-53.7244,331.2,1.4,1.2,2022-01-06,440,Aqua,MODIS,100,6.03,293.7,45.6,N,0,11.469761633425327,32,26,22
-23.0619,-53.7108,318.3,1.4,1.2,2022-01-06,440,Aqua,MODIS,30,6.03,294.5,20.9,N,0,11.130616855524801,32,26,22
-23.0565,-53.7154,324.7,1.4,1.2,2022-01-06,440,Aqua,MODIS,82,6.03,294.1,31.3,N,0,11.740088938539325,32,26,22
-23.0775,-53.7197,316.5,1.4,1.2,2022-01-06,440,Aqua,MODIS,45,6.03,294.4,19.9,N,0,9.438969499038596,32,26,22
-23.1265,-53.6876,321.9,1.4,1.2,2022-01-06,440,Aqua,MODIS,100,6.03,293.2,31.2,N,0,4.610596684763703,32,26,22
-23.1288,-53.6741,308.9,1.4,1.2,2022-01-06,440,Aqua,MODIS,76,6.03,292.7,13.2,N,0,5.271212874429317,32,26,22
-23.0844,-53.7322,349.0,1.3,1.1,2022-01-06,1358,Terra,MODIS,84,6.03,305.2,67.9,D,0,8.899402773332572,32,26,22
-23.0828,-53.7447,343.5,1.3,1.1,2022-01-06,1358,Terra,MODIS,82,6.03,301.9,55.5,D,0,9.460658368262258,32,26,22
-23.0782,-53.7267,342.4,3.1,1.7,2022-01-06,1649,Aqua,MODIS,80,6.03,303.2,180.2,D,0,9.45718572438773,32,26,22
-23.0574,-53.6683,334.6,3.0,1.7,2022-01-06,1649,Aqua,MODIS,35,6.03,296.1,113.1,D,0,12.420206723259462,32,26,22
-23.0758,-53.722,344.8,3.1,1.7,2022-01-06,1649,Aqua,MODIS,83,6.03,302.8,199.8,D,0,9.651985514367885,32,26,22
-23.0785,-53.7522,341.5,3.1,1.7,2022-01-06,1649,Aqua,MODIS,90,6.03,299.0,167.2,D,0,10.200248386437186,32,26,22
-23.0859,-53.745,314.5,1.0,1.0,2022-01-07,207,Terra,MODIS,80,6.03,289.0,14.9,N,0,9.152280960075325,32,26,21
-23.0386,-53.7421,318.0,1.0,1.0,2022-01-07,207,Terra,MODIS,96,6.03,279.3,17.9,N,0,14.087636176515966,32,26,21
-23.0295,-53.7436,317.7,1.0,1.0,2022-01-07,207,Terra,MODIS,62,6.03,276.4,17.2,N,0,15.10819610207477,32,26,21
-23.0308,-53.7537,339.9,1.0,1.0,2022-01-07,207,Terra,MODIS,100,6.03,280.3,46.0,N,0,15.231428038054654,32,26,21
-23.0189,-53.7206,300.1,1.0,1.0,2022-01-07,207,Terra,MODIS,10,6.03,278.5,8.9,N,0,15.94289736879267,32,26,21
-23.0276,-53.7247,314.8,2.1,1.4,2022-01-07,523,Aqua,MODIS,37,6.03,283.1,44.2,N,0,15.01110845109143,32,26,21
-23.0393,-53.7332,319.1,2.1,1.4,2022-01-07,523,Aqua,MODIS,77,6.03,280.7,57.8,N,0,13.832947693497578,32,26,21
-23.0265,-53.7317,314.9,2.1,1.4,2022-01-07,523,Aqua,MODIS,43,6.03,281.9,45.4,N,0,15.216376883643825,32,26,21
-23.0116,-53.7531,349.6,1.0,1.0,2022-01-08,1345,Terra,MODIS,86,6.03,303.3,48.7,D,0,17.27182345969346,32,26,20
-23.0228,-53.6752,361.5,1.0,1.0,2022-01-08,1345,Terra,MODIS,100,6.03,304.9,77.9,D,0,15.903234681844024,32,26,20
-23.0242,-53.6655,360.7,1.0,1.0,2022-01-08,1345,Terra,MODIS,94,6.03,301.5,76.1,D,0,16.01087510241701,32,26,20
-23.0854,-53.7514,336.7,1.0,1.0,2022-01-08,1345,Terra,MODIS,58,6.03,304.7,26.5,D,0,9.471065784504823,32,26,20
-23.0868,-53.7416,337.5,1.0,1.0,2022-01-08,1345,Terra,MODIS,45,6.03,311.3,26.7,D,0,8.931772900736581,32,26,20
-23.0192,-53.6729,310.6,1.4,1.2,2022-01-09,155,Terra,MODIS,80,6.03,289.0,17.5,N,0,16.347445850151303,29,24,19
-23.0084,-53.6743,304.2,1.4,1.2,2022-01-09,155,Terra,MODIS,47,6.03,285.8,11.6,N,0,17.48505210882069,29,24,19
-22.9836,-53.676,322.0,2.0,1.4,2022-01-10,237,Terra,MODIS,95,6.03,287.7,49.5,N,0,20.1559015186952,31,24,19
-22.9872,-53.6956,349.8,2.0,1.4,2022-01-10,237,Terra,MODIS,100,6.03,292.1,169.0,N,0,19.499789714375876,31,24,19
-22.9749,-53.6983,354.7,2.0,1.4,2022-01-10,237,Terra,MODIS,100,6.03,290.5,202.6,N,0,20.8444655892058,31,24,19
-22.9712,-53.7222,307.9,3.8,1.8,2022-01-10,416,Aqua,MODIS,73,6.03,288.9,57.8,N,0,21.24746468728603,31,24,19
-22.9703,-53.688,305.3,3.8,1.8,2022-01-10,416,Aqua,MODIS,64,6.03,289.0,45.5,N,0,21.44442557072052,31,24,19
-22.9785,-53.7285,302.3,3.8,1.8,2022-01-10,416,Aqua,MODIS,48,6.03,289.0,34.3,N,0,20.483555684431888,31,24,19
-22.9864,-53.6921,341.3,3.8,1.8,2022-01-10,416,Aqua,MODIS,100,6.03,290.3,315.4,N,0,19.620315660601353,31,24,19
-22.9789,-53.6858,333.5,3.8,1.8,2022-01-10,416,Aqua,MODIS,100,6.03,290.0,231.3,N,0,20.521076360260455,31,24,19
-22.995,-53.6899,322.1,3.8,1.8,2022-01-10,416,Aqua,MODIS,100,6.03,289.3,131.4,N,0,18.69339729581768,31,24,19
-22.9819,-53.7014,319.9,1.2,1.1,2022-01-10,1333,Terra,MODIS,27,6.03,301.6,12.1,D,0,20.049774184579114,31,24,19
-22.9857,-53.6786,335.7,1.2,1.1,2022-01-10,1333,Terra,MODIS,84,6.03,305.4,33.5,D,0,19.88018841224937,31,24,19
-22.9876,-53.6672,336.8,1.2,1.1,2022-01-10,1333,Terra,MODIS,85,6.03,303.7,35.1,D,0,19.901002603790737,31,24,19
-22.9916,-53.7032,336.4,1.2,1.1,2022-01-10,1333,Terra,MODIS,84,6.03,301.3,36.8,D,0,18.96398124849839,31,24,19
-22.9972,-53.669,345.7,1.2,1.1,2022-01-10,1333,Terra,MODIS,92,6.03,307.5,53.2,D,0,18.819510944514157,31,24,19
-23.0184,-53.6613,337.2,1.2,1.1,2022-01-10,1333,Terra,MODIS,47,6.03,306.2,29.7,D,0,16.754213585136313,31,24,19
-22.976,-53.6768,349.2,1.2,1.1,2022-01-10,1333,Terra,MODIS,94,6.03,302.7,62.9,D,0,20.974403122563505,31,24,19
-22.9741,-53.6881,338.2,1.2,1.1,2022-01-10,1333,Terra,MODIS,82,6.03,301.2,38.1,D,0,21.023323503519677,31,24,19
-22.9779,-53.6654,354.1,1.2,1.1,2022-01-10,1333,Terra,MODIS,97,6.03,303.5,76.8,D,0,20.993522830940115,31,24,19
-22.9726,-53.6819,326.3,1.2,1.1,2022-01-10,1333,Terra,MODIS,69,6.03,300.8,18.3,D,0,21.268264822073338,31,24,19
-22.9708,-53.6933,322.8,1.2,1.1,2022-01-10,1333,Terra,MODIS,61,6.03,299.9,14.5,D,0,21.33657955647176,31,24,19
-22.9745,-53.6705,336.6,1.2,1.1,2022-01-10,1333,Terra,MODIS,80,6.03,302.4,35.1,D,0,21.254765449257697,31,24,19
-22.9722,-53.6995,335.0,1.2,1.1,2022-01-10,1333,Terra,MODIS,75,6.03,299.7,33.2,D,0,21.13699711311498,31,24,19
-22.9826,-53.6849,400.6,3.4,1.7,2022-01-10,1803,Aqua,MODIS,65,6.03,296.1,1465.7,D,0,20.12491153429106,31,24,19
-22.9519,-53.6626,321.0,3.4,1.7,2022-01-10,1803,Aqua,MODIS,0,6.03,283.9,58.3,D,0,23.878981110707645,31,24,19
-22.9737,-53.7181,312.3,2.4,1.5,2022-01-11,142,Terra,MODIS,51,6.03,287.6,35.8,N,0,20.95095706709803,32,25,19
-22.9557,-53.6728,322.2,2.4,1.5,2022-01-11,142,Terra,MODIS,99,6.03,289.7,65.3,N,0,23.268347006719644,32,25,19
-22.9141,-53.7537,327.7,2.4,1.5,2022-01-11,142,Terra,MODIS,89,6.03,287.6,85.7,N,0,27.910968101059833,32,25,19
-22.9602,-53.7197,323.7,2.4,1.5,2022-01-11,142,Terra,MODIS,78,6.03,287.9,70.0,N,0,22.457190560890265,32,25,19
-22.9624,-53.7432,318.8,2.4,1.5,2022-01-11,142,Terra,MODIS,98,6.03,284.7,55.9,N,0,22.439167360210465,32,25,19
-22.9422,-53.6744,321.1,2.4,1.5,2022-01-11,142,Terra,MODIS,66,6.03,289.6,59.3,N,0,24.724316328076924,32,25,19
-22.9466,-53.7212,323.4,2.4,1.5,2022-01-11,142,Terra,MODIS,53,6.03,289.7,64.2,N,0,23.974559821925283,32,25,19
-22.9488,-53.7446,367.1,2.4,1.5,2022-01-11,142,Terra,MODIS,100,6.03,290.5,379.2,N,0,23.956185268206934,32,25,19
-22.951,-53.7676,316.1,2.4,1.5,2022-01-11,142,Terra,MODIS,82,6.03,283.7,46.1,N,0,24.168667554087254,32,25,19
-22.9331,-53.7227,328.7,2.4,1.5,2022-01-11,142,Terra,MODIS,99,6.03,289.7,88.2,N,0,25.481138999242205,32,25,19
-22.9352,-53.7461,356.6,2.4,1.5,2022-01-11,142,Terra,MODIS,100,6.03,290.0,270.9,N,0,25.474890195041326,32,25,19
-22.9374,-53.7692,314.2,2.4,1.5,2022-01-11,142,Terra,MODIS,68,6.03,285.8,39.7,N,0,25.67688301936395,32,25,19
-22.9195,-53.7242,328.0,2.4,1.5,2022-01-11,142,Terra,MODIS,100,6.03,288.3,79.6,N,0,26.999090629651853,32,25,19
-22.9217,-53.7477,347.0,2.4,1.5,2022-01-11,142,Terra,MODIS,100,6.03,289.3,192.3,N,0,26.984161651552355,32,25,19
-22.9477,-53.6791,320.1,2.4,1.5,2022-01-11,142,Terra,MODIS,0,6.03,289.6,49.7,N,0,24.05016573650764,32,25,19
-22.9525,-53.7259,334.0,2.4,1.5,2022-01-11,142,Terra,MODIS,100,6.03,289.4,106.2,N,0,23.345834125591033,32,25,19
-22.9549,-53.7492,326.2,2.4,1.5,2022-01-11,142,Terra,MODIS,100,6.03,286.1,76.3,N,0,23.359476273136025,32,25,19
-22.9389,-53.7274,344.3,2.4,1.5,2022-01-11,142,Terra,MODIS,100,6.03,289.6,168.0,N,0,24.86496642648344,32,25,19
-22.9413,-53.7507,369.6,2.4,1.5,2022-01-11,142,Terra,MODIS,100,6.03,290.5,404.0,N,0,24.876286507608167,32,25,19
-22.9254,-53.7289,344.1,2.4,1.5,2022-01-11,142,Terra,MODIS,100,6.03,289.6,167.0,N,0,26.373110442560982,32,25,19
-22.9277,-53.7522,337.7,2.4,1.5,2022-01-11,142,Terra,MODIS,100,6.03,287.9,131.9,N,0,26.393470693293004,32,25,19
-22.9118,-53.7304,322.1,2.4,1.5,2022-01-11,142,Terra,MODIS,51,6.03,288.6,61.9,N,0,27.89243556380645,32,25,19
-22.9535,-53.6496,307.1,2.4,1.5,2022-01-11,142,Terra,MODIS,24,6.03,289.5,22.4,N,0,24.017465240680938,32,25,19
-22.9282,-53.6686,330.0,1.0,1.0,2022-01-11,458,Aqua,MODIS,100,6.03,289.5,28.8,N,0,26.35520103555617,32,25,19
-22.9206,-53.6574,305.8,1.0,1.0,2022-01-11,458,Aqua,MODIS,49,6.03,287.0,7.2,N,0,27.394994862817487,32,25,19
-22.9164,-53.6867,310.1,1.0,1.0,2022-01-11,458,Aqua,MODIS,58,6.03,288.8,9.2,N,0,27.42151216599701,32,25,19
-22.9296,-53.6589,337.0,1.0,1.0,2022-01-11,458,Aqua,MODIS,100,6.03,289.3,38.7,N,0,26.383764876826223,32,25,19
-22.9545,-53.743,387.2,1.0,1.0,2022-01-11,459,Aqua,MODIS,100,6.03,297.5,184.8,N,0,23.305509828381236,32,25,19
-22.9582,-53.6535,305.8,1.0,1.0,2022-01-11,459,Aqua,MODIS,66,6.03,287.7,7.0,N,0,23.41008241118985,32,25,19
-22.9567,-53.6633,309.4,1.0,1.0,2022-01-11,459,Aqua,MODIS,77,6.03,288.9,9.5,N,0,23.341995305034743,32,25,19
-22.9469,-53.7317,315.0,1.0,1.0,2022-01-11,459,Aqua,MODIS,65,6.03,291.8,11.2,N,0,24.012518484466945,32,25,19
-22.9477,-53.6618,316.2,1.0,1.0,2022-01-11,459,Aqua,MODIS,38,6.03,289.5,13.2,N,0,24.352850179380667,32,25,19
-22.9274,-53.7385,311.7,1.0,1.0,2022-01-11,459,Aqua,MODIS,83,6.03,291.0,9.7,N,0,26.238749626120562,32,25,19
-22.926,-53.7483,311.1,1.0,1.0,2022-01-11,459,Aqua,MODIS,82,6.03,290.4,9.6,N,0,26.519566741399473,32,25,19
-22.9768,-53.7167,301.2,1.0,1.0,2022-01-11,459,Aqua,MODIS,2,6.03,288.2,4.4,N,0,20.601846832339223,32,25,19
-22.9754,-53.7265,311.3,1.0,1.0,2022-01-11,459,Aqua,MODIS,78,6.03,288.3,10.8,N,0,20.81025918519654,32,25,19
-22.9649,-53.7347,310.0,1.0,1.0,2022-01-11,459,Aqua,MODIS,27,6.03,289.2,9.1,N,0,22.051363807893754,32,25,19
-22.9587,-53.7137,313.5,1.0,1.0,2022-01-11,459,Aqua,MODIS,51,6.03,288.7,11.2,N,0,22.607743595794044,32,25,19
-22.9573,-53.7235,357.1,1.0,1.0,2022-01-11,459,Aqua,MODIS,100,6.03,293.1,78.0,N,0,22.79807666392377,32,25,19
-22.9559,-53.7332,356.5,1.0,1.0,2022-01-11,459,Aqua,MODIS,100,6.03,295.9,75.7,N,0,23.030562967502632,32,25,19
-22.9531,-53.7528,336.7,1.0,1.0,2022-01-11,459,Aqua,MODIS,100,6.03,291.6,37.5,N,0,23.620879796552295,32,25,19
-22.9854,-53.7275,344.4,1.4,1.2,2022-01-11,1708,Aqua,MODIS,89,6.03,300.1,75.2,D,0,19.710314479039845,32,25,19
-22.9926,-53.7422,331.2,1.3,1.1,2022-01-14,1738,Aqua,MODIS,63,6.03,306.0,24.1,D,0,19.106617151807853,33,27,22
-22.9946,-53.7545,329.2,1.3,1.1,2022-01-14,1738,Aqua,MODIS,44,6.03,302.9,20.8,D,0,19.140915843884162,33,27,22
-22.9086,-53.726,330.6,1.3,1.1,2022-01-14,1738,Aqua,MODIS,31,6.03,306.1,21.9,D,0,28.219129439613788,33,27,22
-23.3218,-53.8673,336.1,1.1,1.0,2022-01-15,1351,Terra,MODIS,81,6.03,302.8,31.3,D,0,23.89731665127182,36,29,23
-23.3204,-53.8778,335.4,1.1,1.0,2022-01-15,1351,Terra,MODIS,80,6.03,303.8,29.7,D,0,24.515571519624753,36,29,23
-22.9897,-53.7575,336.6,1.0,1.0,2022-01-17,1339,Terra,MODIS,72,6.03,309.8,23.8,D,0,19.74304780132502,38,31,23
-22.9932,-53.7691,330.2,3.4,1.7,2022-01-18,1422,Terra,MODIS,77,6.03,296.8,103.8,D,0,19.69131227743925,36,29,22
-22.9838,-53.7614,329.0,3.4,1.7,2022-01-18,1422,Terra,MODIS,76,6.03,294.7,98.5,D,0,20.47732438361641,36,29,22
-22.9949,-53.7617,339.7,1.2,1.1,2022-01-18,1714,Aqua,MODIS,75,6.03,311.1,32.5,D,0,19.293686131782852,36,29,22
-23.3644,-53.792,325.6,1.4,1.2,2022-01-19,1327,Terra,MODIS,0,6.03,300.0,15.8,D,0,23.982295035316223,34,27,22
-23.3139,-53.8621,302.3,1.0,1.0,2022-01-20,452,Aqua,MODIS,48,6.03,292.0,4.1,N,0,22.890005972015,35,29,22
-23.3191,-53.8673,323.8,2.0,1.4,2022-01-20,1410,Terra,MODIS,49,6.03,298.6,27.5,D,0,23.675042626030226,35,29,22
-23.0865,-53.7469,330.7,2.1,1.4,2022-01-20,1410,Terra,MODIS,36,6.03,301.4,44.3,D,0,9.166915730225902,35,29,22
-23.3178,-53.8753,331.4,1.9,1.3,2022-01-20,1701,Aqua,MODIS,75,6.03,297.4,50.5,D,0,24.130312249879417,35,29,22
-23.209,-53.9766,316.9,1.9,1.4,2022-01-20,1701,Aqua,MODIS,31,6.03,293.3,18.8,D,0,27.656598736000795,35,29,22
-23.3186,-53.868,309.0,1.1,1.0,2022-01-21,219,Terra,MODIS,52,6.03,293.1,7.2,N,0,23.68248587033471,36,29,23
-23.3186,-53.8745,323.9,2.4,1.5,2022-01-21,1315,Terra,MODIS,46,6.03,298.5,34.2,D,0,24.1375459298528,36,29,23
-23.3175,-53.8738,334.5,1.3,1.1,2022-01-22,1357,Terra,MODIS,78,6.03,310.4,28.8,D,0,23.99984886172902,37,31,25
-23.3191,-53.8614,336.5,1.3,1.1,2022-01-22,1357,Terra,MODIS,83,6.03,307.4,33.4,D,0,23.272416971611904,37,31,25
-23.3203,-53.8713,332.9,3.2,1.7,2022-01-22,1649,Aqua,MODIS,83,6.03,300.5,105.8,D,0,24.050225444332654,37,31,25
-23.3234,-53.878,332.8,3.2,1.7,2022-01-22,1649,Aqua,MODIS,82,6.03,300.5,108.6,D,0,24.770271085897868,37,31,25
-23.3175,-53.8672,309.8,1.1,1.0,2022-01-23,206,Terra,MODIS,75,6.03,296.6,7.7,N,0,23.537207579872785,38,31,26
-22.8504,-53.6607,328.7,1.0,1.0,2022-01-23,207,Terra,MODIS,100,6.03,296.2,25.0,N,0,35.027224219251146,38,31,26
-22.849,-53.6506,334.1,1.0,1.0,2022-01-23,207,Terra,MODIS,100,6.03,296.1,33.3,N,0,35.34699445061208,38,31,26
-22.8608,-53.6692,316.7,1.0,1.0,2022-01-23,207,Terra,MODIS,93,6.03,295.8,12.6,N,0,33.762742021287885,38,31,26
-22.8595,-53.6592,341.3,1.0,1.0,2022-01-23,207,Terra,MODIS,100,6.03,296.4,44.8,N,0,34.05011231901822,38,31,26
-22.8216,-53.655,313.4,1.0,1.0,2022-01-23,207,Terra,MODIS,86,6.03,295.0,10.4,N,0,38.28081568423476,38,31,26
-22.8334,-53.6736,312.3,1.0,1.0,2022-01-23,207,Terra,MODIS,83,6.03,294.7,9.5,N,0,36.737578009260275,38,31,26
-22.8321,-53.6636,347.6,1.0,1.0,2022-01-23,207,Terra,MODIS,100,6.03,298.5,57.0,N,0,37.001322080872775,38,31,26
-22.8307,-53.6535,322.2,1.0,1.0,2022-01-23,207,Terra,MODIS,100,6.03,297.9,18.2,N,0,37.30446032530007,38,31,26
-22.8426,-53.6722,345.7,1.0,1.0,2022-01-23,207,Terra,MODIS,100,6.03,296.0,53.5,N,0,35.7358676889523,38,31,26
-22.8412,-53.6621,336.1,1.0,1.0,2022-01-23,207,Terra,MODIS,100,6.03,298.2,35.6,N,0,36.01933873070441,38,31,26
-22.8517,-53.6707,335.2,1.0,1.0,2022-01-23,207,Terra,MODIS,100,6.03,296.2,34.7,N,0,34.748239100530355,38,31,26
-22.816,-53.6577,302.5,2.1,1.4,2022-01-23,523,Aqua,MODIS,22,6.03,291.0,12.4,N,0,38.85694333523791,38,31,26
-22.8182,-53.6372,301.8,2.1,1.4,2022-01-23,523,Aqua,MODIS,10,6.03,290.9,11.2,N,0,38.966091801748185,38,31,26
-22.8555,-53.6488,304.7,2.1,1.4,2022-01-23,523,Aqua,MODIS,61,6.03,290.9,15.5,N,0,34.66883473075715,38,31,26
-22.8279,-53.6663,311.8,2.1,1.4,2022-01-23,523,Aqua,MODIS,43,6.03,291.4,27.4,N,0,37.42967275546334,38,31,26
-22.8288,-53.6592,319.0,2.1,1.4,2022-01-23,523,Aqua,MODIS,98,6.03,292.1,46.1,N,0,37.426171070128916,38,31,26
-22.83,-53.6458,310.5,2.1,1.4,2022-01-23,523,Aqua,MODIS,11,6.03,292.1,24.2,N,0,37.513283615103994,38,31,26
-22.8234,-53.6568,317.9,3.9,1.8,2022-01-23,1302,Terra,MODIS,57,6.03,292.4,53.0,D,0,38.055671885313544,38,31,26
-22.8353,-53.6522,328.6,3.9,1.8,2022-01-23,1302,Terra,MODIS,74,6.03,292.9,133.2,D,0,36.820898330993366,38,31,26
-22.8398,-53.6608,328.3,3.9,1.8,2022-01-23,1302,Terra,MODIS,74,6.03,292.6,129.9,D,0,36.19213080676309,38,31,26
-23.3247,-53.8779,337.2,1.1,1.0,2022-01-23,1732,Aqua,MODIS,49,6.03,314.0,19.8,D,0,24.868135896675785,38,31,26
-23.3138,-53.8692,336.4,1.1,1.0,2022-01-23,1732,Aqua,MODIS,35,6.03,312.1,19.5,D,0,23.377712567909406,38,31,26
-22.8609,-53.6266,323.3,3.4,1.7,2022-01-24,249,Terra,MODIS,100,6.03,290.0,112.6,N,0,34.57459636420108,37,31,26
-22.8671,-53.6302,321.9,3.4,1.7,2022-01-24,249,Terra,MODIS,100,6.03,289.9,106.1,N,0,33.81551325326679,37,31,26
-22.8738,-53.6631,315.0,3.4,1.7,2022-01-24,249,Terra,MODIS,55,6.03,289.7,76.3,N,0,32.41760873793994,37,31,26
-22.8516,-53.6341,310.7,3.4,1.7,2022-01-24,249,Terra,MODIS,29,6.03,290.0,44.4,N,0,35.39867189507479,37,31,26
-22.8207,-53.6419,312.4,3.4,1.7,2022-01-24,249,Terra,MODIS,34,6.03,290.7,52.2,N,0,38.60247191941004,37,31,26
-22.8052,-53.6458,308.5,3.4,1.7,2022-01-24,249,Terra,MODIS,23,6.03,289.9,38.0,N,0,40.23014681700145,37,31,26
-22.8638,-53.6428,313.5,2.3,1.5,2022-01-24,428,Aqua,MODIS,34,6.03,289.1,33.8,N,0,33.882912796363804,37,31,26
-22.8726,-53.6678,315.9,2.3,1.5,2022-01-24,428,Aqua,MODIS,66,6.03,287.4,47.3,N,0,32.48071346007893,37,31,26
-22.8769,-53.6458,361.2,2.3,1.5,2022-01-24,428,Aqua,MODIS,100,6.03,291.1,300.4,N,0,32.394185908515794,37,31,26
-22.8847,-53.655,335.9,2.3,1.5,2022-01-24,428,Aqua,MODIS,100,6.03,285.8,125.5,N,0,31.360539236073844,37,31,26
-22.819,-53.6738,309.3,2.3,1.5,2022-01-24,428,Aqua,MODIS,41,6.03,288.9,35.6,N,0,38.328462357050164,37,31,26
-22.829,-53.6811,311.0,2.3,1.5,2022-01-24,428,Aqua,MODIS,44,6.03,287.6,35.7,N,0,37.15333657427294,37,31,26
-22.8681,-53.6207,319.5,2.3,1.5,2022-01-24,428,Aqua,MODIS,99,6.03,290.0,48.8,N,0,33.95900213014133,37,31,26
-22.8263,-53.6192,340.4,1.0,1.0,2022-01-24,1345,Terra,MODIS,71,6.03,302.3,30.2,D,0,38.490180285880484,37,31,26
-22.8277,-53.6094,339.8,1.0,1.0,2022-01-24,1345,Terra,MODIS,82,6.03,302.5,32.0,D,0,38.597057197674616,37,31,26
-22.8255,-53.6888,333.4,1.0,1.0,2022-01-24,1345,Terra,MODIS,64,6.03,299.9,20.6,D,0,37.485412932703355,37,31,26
-22.8297,-53.6596,336.0,1.0,1.0,2022-01-24,1345,Terra,MODIS,83,6.03,306.1,18.2,D,0,37.321318681361014,37,31,26
-22.8311,-53.6498,335.4,1.0,1.0,2022-01-24,1345,Terra,MODIS,50,6.03,305.3,19.2,D,0,37.32212879939927,37,31,26
-22.8325,-53.6401,336.0,1.0,1.0,2022-01-24,1345,Terra,MODIS,61,6.03,304.8,19.6,D,0,37.34854702599554,37,31,26
-22.8339,-53.6304,342.1,1.0,1.0,2022-01-24,1345,Terra,MODIS,87,6.03,305.2,29.1,D,0,37.40195674938327,37,31,26
-22.8591,-53.4548,353.1,1.0,1.0,2022-01-24,1345,Terra,MODIS,83,6.03,300.9,58.0,D,0,42.67820987860587,37,31,26
-22.8345,-53.6902,344.9,1.0,1.0,2022-01-24,1345,Terra,MODIS,90,6.03,299.6,40.7,D,0,36.477924035923294,37,31,26
-22.8435,-53.6917,340.2,1.0,1.0,2022-01-24,1345,Terra,MODIS,87,6.03,297.4,33.5,D,0,35.470065356311196,37,31,26
-22.8637,-53.6153,339.8,1.0,1.0,2022-01-24,1345,Terra,MODIS,35,6.03,299.9,29.3,D,0,34.58241492624966,37,31,26
-22.8671,-53.6558,333.6,1.0,1.0,2022-01-24,1345,Terra,MODIS,58,6.03,305.2,22.8,D,0,33.27273777226931,37,31,26
-22.8728,-53.6168,335.1,1.0,1.0,2022-01-24,1345,Terra,MODIS,61,6.03,296.1,24.4,D,0,33.56864507846046,37,31,26
-22.8762,-53.6572,335.0,1.0,1.0,2022-01-24,1345,Terra,MODIS,81,6.03,303.6,25.7,D,0,32.2512014775646,37,31,26
-22.8776,-53.6475,333.3,1.0,1.0,2022-01-24,1345,Terra,MODIS,66,6.03,303.5,21.1,D,0,32.28259708540846,37,31,26
-22.879,-53.6378,348.2,1.0,1.0,2022-01-24,1345,Terra,MODIS,93,6.03,300.5,46.9,D,0,32.345189183805736,37,31,26
-22.8804,-53.628,338.1,1.0,1.0,2022-01-24,1345,Terra,MODIS,85,6.03,297.3,29.8,D,0,32.44147106099954,37,31,26
-22.8841,-53.6645,326.6,1.0,1.0,2022-01-24,1345,Terra,MODIS,70,6.03,297.5,15.5,D,0,31.26378337486082,37,31,26
-22.8855,-53.6547,344.6,1.0,1.0,2022-01-24,1345,Terra,MODIS,90,6.03,301.0,42.2,D,0,31.278707570476577,37,31,26
-22.8869,-53.645,329.5,1.0,1.0,2022-01-24,1345,Terra,MODIS,75,6.03,298.7,19.0,D,0,31.324314442057755,37,31,26
-23.2508,-53.7998,327.2,1.0,1.0,2022-01-24,1345,Terra,MODIS,30,6.03,304.9,11.9,D,0,13.418010894804933,37,31,26
-23.3146,-53.8668,331.6,1.0,1.0,2022-01-24,1345,Terra,MODIS,69,6.03,306.6,19.0,D,0,23.27347460300438,37,31,26
-23.3222,-53.878,331.1,1.0,1.0,2022-01-24,1345,Terra,MODIS,45,6.03,304.4,16.8,D,0,24.67381852819095,37,31,26
-23.3236,-53.8683,326.2,1.0,1.0,2022-01-24,1345,Terra,MODIS,33,6.03,302.5,11.0,D,0,24.11445592414647,37,31,26
-23.3881,-53.869,335.4,1.0,1.0,2022-01-24,1345,Terra,MODIS,37,6.03,307.8,22.3,D,0,29.881029552465005,37,31,26
-22.8131,-53.6469,334.5,1.0,1.0,2022-01-24,1345,Terra,MODIS,30,6.03,301.0,20.9,D,0,39.34517329092696,37,31,26
-22.811,-53.5967,331.9,1.0,1.0,2022-01-24,1345,Terra,MODIS,78,6.03,298.3,22.2,D,0,40.7425431458264,37,31,26
-22.8096,-53.6065,331.2,1.0,1.0,2022-01-24,1345,Terra,MODIS,77,6.03,297.5,21.2,D,0,40.61629724372378,37,31,26
-22.7998,-53.6746,339.0,1.0,1.0,2022-01-24,1345,Terra,MODIS,75,6.03,301.2,28.0,D,0,40.44587138612536,37,31,26
-22.7964,-53.6342,326.5,1.0,1.0,2022-01-24,1345,Terra,MODIS,20,6.03,298.4,13.2,D,0,41.404191160177675,37,31,26
-22.795,-53.6439,356.9,1.0,1.0,2022-01-24,1345,Terra,MODIS,98,6.03,300.7,66.3,D,0,41.38092742958732,37,31,26
-22.7936,-53.6537,355.2,1.0,1.0,2022-01-24,1345,Terra,MODIS,97,6.03,299.7,60.1,D,0,41.38061824742281,37,31,26
-22.7922,-53.6634,343.4,1.0,1.0,2022-01-24,1345,Terra,MODIS,87,6.03,299.2,36.1,D,0,41.40640849583622,37,31,26
-22.8145,-53.6372,336.8,1.0,1.0,2022-01-24,1345,Terra,MODIS,57,6.03,300.0,25.3,D,0,39.36982885483938,37,31,26
-22.8173,-53.6177,350.9,1.0,1.0,2022-01-24,1345,Terra,MODIS,94,6.03,300.1,53.5,D,0,39.49835512394238,37,31,26
-22.8187,-53.608,360.3,1.0,1.0,2022-01-24,1345,Terra,MODIS,100,6.03,304.1,76.7,D,0,39.59975912061592,37,31,26
-22.8201,-53.5982,349.3,1.0,1.0,2022-01-24,1345,Terra,MODIS,93,6.03,300.9,51.3,D,0,39.72930478874312,37,31,26
-22.8215,-53.5885,328.3,1.0,1.0,2022-01-24,1345,Terra,MODIS,70,6.03,297.4,17.5,D,0,39.88105305501195,37,31,26
-22.8235,-53.6386,339.7,1.0,1.0,2022-01-24,1345,Terra,MODIS,67,6.03,304.4,26.4,D,0,38.36014517984967,37,31,26
-22.8249,-53.6289,341.5,1.0,1.0,2022-01-24,1345,Terra,MODIS,70,6.03,302.4,30.5,D,0,38.41207437923669,37,31,26
-22.8059,-53.5827,332.1,1.4,1.2,2022-01-25,154,Terra,MODIS,100,6.03,269.9,0.0,N,0,41.714626601260306,38,31,25
-22.8075,-53.5965,324.4,1.4,1.2,2022-01-25,154,Terra,MODIS,94,6.03,270.8,0.0,N,0,41.12138159793328,38,31,25
-22.8019,-53.5888,344.3,1.4,1.2,2022-01-25,154,Terra,MODIS,100,6.03,271.8,0.0,N,0,41.94682571693822,38,31,25
-22.8035,-53.6026,342.9,1.4,1.2,2022-01-25,154,Terra,MODIS,100,6.03,273.0,0.0,N,0,41.376313506546936,38,31,25
-22.7926,-53.6146,346.6,1.3,1.1,2022-01-25,511,Aqua,MODIS,100,6.03,297.9,73.8,N,0,42.24190154182044,38,31,25
-22.7691,-53.637,319.2,1.3,1.1,2022-01-25,511,Aqua,MODIS,98,6.03,291.2,21.5,N,0,44.338784974985515,38,31,25
-22.7706,-53.6244,324.9,1.3,1.1,2022-01-25,511,Aqua,MODIS,100,6.03,292.3,29.5,N,0,44.413572000538615,38,31,25
-22.7722,-53.6117,315.8,1.3,1.1,2022-01-25,511,Aqua,MODIS,92,6.03,292.1,16.7,N,0,44.51774871566278,38,31,25
-22.7737,-53.599,306.7,1.3,1.1,2022-01-25,511,Aqua,MODIS,48,6.03,291.9,7.6,N,0,44.67100371232915,38,31,25
-22.7808,-53.6258,316.1,1.3,1.1,2022-01-25,511,Aqua,MODIS,88,6.03,292.2,15.9,N,0,43.273598402785225,38,31,25
-22.7824,-53.6131,363.9,1.3,1.1,2022-01-25,511,Aqua,MODIS,100,6.03,295.8,137.5,N,0,43.3808475472578,38,31,25
-22.784,-53.6004,399.8,1.3,1.1,2022-01-25,511,Aqua,MODIS,100,6.03,305.3,367.2,N,0,43.52740708180982,38,31,25
-22.7855,-53.5877,369.9,1.3,1.1,2022-01-25,511,Aqua,MODIS,100,6.03,300.5,167.8,N,0,43.72352827931809,38,31,25
-22.7871,-53.5749,327.4,1.3,1.1,2022-01-25,511,Aqua,MODIS,100,6.03,293.9,34.1,N,0,43.95056393043342,38,31,25
-22.7832,-53.6904,326.5,1.3,1.1,2022-01-25,511,Aqua,MODIS,100,6.03,287.1,33.5,N,0,42.17289098800907,38,31,25
-22.7848,-53.6778,312.8,1.3,1.1,2022-01-25,511,Aqua,MODIS,86,6.03,287.6,14.1,N,0,42.079390014579744,38,31,25
-22.7942,-53.6019,366.3,1.3,1.1,2022-01-25,511,Aqua,MODIS,100,6.03,306.3,149.0,N,0,42.39242519955772,38,31,25
-22.7958,-53.5891,338.3,1.3,1.1,2022-01-25,511,Aqua,MODIS,100,6.03,299.6,53.7,N,0,42.585861746925445,38,31,25
-22.7974,-53.5764,316.1,1.3,1.1,2022-01-25,511,Aqua,MODIS,56,6.03,292.5,15.6,N,0,42.81597939515314,38,31,25
-22.7934,-53.6918,306.0,1.3,1.1,2022-01-25,511,Aqua,MODIS,67,6.03,287.5,7.8,N,0,41.03306357469862,38,31,25
-22.8029,-53.616,348.3,1.3,1.1,2022-01-25,511,Aqua,MODIS,100,6.03,299.4,80.9,N,0,41.09488450072755,38,31,25
-22.8044,-53.6033,349.7,1.3,1.1,2022-01-25,511,Aqua,MODIS,100,6.03,304.1,85.3,N,0,41.26070900372893,38,31,25
-22.806,-53.5906,325.3,1.3,1.1,2022-01-25,511,Aqua,MODIS,100,6.03,296.7,29.4,N,0,41.456694182420705,38,31,25
-22.8076,-53.5778,314.3,1.3,1.1,2022-01-25,511,Aqua,MODIS,72,6.03,291.5,13.7,N,0,41.696410040228145,38,31,25
-22.8115,-53.6301,316.2,1.3,1.1,2022-01-25,511,Aqua,MODIS,53,6.03,291.8,15.0,N,0,39.84181352529765,38,31,25
-22.8131,-53.6174,323.1,1.3,1.1,2022-01-25,511,Aqua,MODIS,93,6.03,294.8,24.0,N,0,39.959085368892815,38,31,25
-22.8147,-53.6047,328.6,1.3,1.1,2022-01-25,511,Aqua,MODIS,100,6.03,297.6,34.4,N,0,40.11894541979579,38,31,25
-22.8217,-53.6316,321.8,1.3,1.1,2022-01-25,511,Aqua,MODIS,92,6.03,291.6,24.0,N,0,38.70048811776777,38,31,25
-22.8233,-53.6189,318.1,1.3,1.1,2022-01-25,511,Aqua,MODIS,60,6.03,291.2,18.7,N,0,38.821242026593886,38,31,25
-22.8223,-53.7087,310.6,1.3,1.1,2022-01-25,511,Aqua,MODIS,80,6.03,289.3,11.8,N,0,37.773587857965104,38,31,25
-22.8287,-53.6583,307.2,1.3,1.1,2022-01-25,511,Aqua,MODIS,55,6.03,291.4,8.3,N,0,37.450312266740816,38,31,25
-22.8319,-53.633,310.5,1.3,1.1,2022-01-25,511,Aqua,MODIS,50,6.03,290.2,11.1,N,0,37.561534503955585,38,31,25
-22.8309,-53.7039,306.3,1.3,1.1,2022-01-25,511,Aqua,MODIS,30,6.03,289.3,7.6,N,0,36.82361167467569,38,31,25
-22.8427,-53.6927,310.4,1.3,1.1,2022-01-25,511,Aqua,MODIS,75,6.03,288.2,11.4,N,0,35.553375569609216,38,31,25
-22.8984,-53.6621,303.3,1.3,1.1,2022-01-25,511,Aqua,MODIS,42,6.03,291.2,5.1,N,0,29.733347633090894,38,31,25
-22.8999,-53.6494,316.7,1.3,1.1,2022-01-25,511,Aqua,MODIS,94,6.03,292.1,19.2,N,0,29.81594906096274,38,31,25
-22.7848,-53.7008,324.1,4.5,1.9,2022-01-25,1428,Terra,MODIS,32,6.03,292.3,90.8,D,0,41.95546960019067,38,31,25
-22.8268,-53.6204,327.1,4.5,2.0,2022-01-25,1428,Terra,MODIS,49,6.03,288.4,92.0,D,0,38.40644805344432,38,31,25
-22.7916,-53.6124,334.4,4.5,2.0,2022-01-25,1428,Terra,MODIS,47,6.03,292.5,209.1,D,0,42.403036073651066,38,31,25
-22.7882,-53.6567,329.6,4.5,2.0,2022-01-25,1428,Terra,MODIS,46,6.03,292.5,148.8,D,0,41.93338816727121,38,31,25
-22.8772,-53.653,335.2,1.0,1.0,2022-01-25,1720,Aqua,MODIS,48,6.03,306.3,23.8,D,0,32.21791220164523,38,31,25
-22.7782,-53.6644,334.0,1.0,1.0,2022-01-25,1720,Aqua,MODIS,34,6.03,273.3,34.1,D,0,42.94131232083805,38,31,25
-22.7795,-53.6744,372.3,1.0,1.0,2022-01-25,1720,Aqua,MODIS,0,6.03,285.8,129.9,D,0,42.69589620948443,38,31,25
-22.8133,-53.6375,335.0,1.2,1.1,2022-01-26,1333,Terra,MODIS,83,6.03,304.1,21.6,D,0,39.49495096707349,34,28,24
-22.8152,-53.6262,339.8,1.2,1.1,2022-01-26,1333,Terra,MODIS,88,6.03,306.3,29.7,D,0,39.52507366763053,34,28,24
-22.8171,-53.6148,341.9,1.2,1.1,2022-01-26,1333,Terra,MODIS,60,6.03,307.9,39.6,D,0,39.59264708428108,34,28,24
-22.8189,-53.6035,332.0,1.2,1.1,2022-01-26,1333,Terra,MODIS,14,6.03,304.0,17.9,D,0,39.70339170045587,34,28,24
-22.8249,-53.628,340.3,1.2,1.1,2022-01-26,1333,Terra,MODIS,88,6.03,306.6,32.2,D,0,38.43230985085129,34,28,24
-22.8267,-53.6167,337.0,1.2,1.1,2022-01-26,1333,Terra,MODIS,85,6.03,304.2,26.4,D,0,38.51031734972451,34,28,24
-22.8345,-53.6298,335.4,1.2,1.1,2022-01-26,1333,Terra,MODIS,75,6.03,304.1,23.9,D,0,37.350478973619495,34,28,24
-23.1424,-53.76,326.7,1.2,1.1,2022-01-26,1333,Terra,MODIS,41,6.03,303.2,12.8,D,0,5.47265590592206,34,28,24
-22.7652,-53.6882,343.9,1.4,1.2,2022-01-27,1708,Aqua,MODIS,79,6.03,296.0,64.5,D,0,44.18331395397601,29,25,23
-22.761,-53.5621,359.4,1.4,1.2,2022-01-27,1708,Aqua,MODIS,99,6.03,298.2,121.2,D,0,47.1199787242988,29,25,23
-22.7626,-53.5758,385.8,1.4,1.2,2022-01-27,1708,Aqua,MODIS,100,6.03,300.9,275.5,D,0,46.51542512848911,29,25,23
-22.7643,-53.5896,334.9,1.4,1.2,2022-01-27,1708,Aqua,MODIS,70,6.03,296.6,36.4,D,0,45.93297470766556,29,25,23
-22.7659,-53.6034,335.2,1.4,1.2,2022-01-27,1708,Aqua,MODIS,84,6.03,296.1,37.7,D,0,45.39863281645812,29,25,23
-22.752,-53.5773,340.5,1.4,1.2,2022-01-27,1708,Aqua,MODIS,90,6.03,293.5,57.7,D,0,47.597854779095506,29,25,23
-22.7569,-53.6187,332.4,1.4,1.2,2022-01-27,1708,Aqua,MODIS,45,6.03,297.7,31.2,D,0,46.02359198774883,29,25,23
-22.7447,-53.6063,341.6,1.4,1.2,2022-01-27,1708,Aqua,MODIS,91,6.03,294.5,62.0,D,0,47.62160712493716,29,25,23
-22.7463,-53.6201,328.3,1.4,1.2,2022-01-27,1708,Aqua,MODIS,30,6.03,294.9,26.7,D,0,47.14941675363685,29,25,23
-22.7496,-53.6479,335.0,1.4,1.2,2022-01-27,1708,Aqua,MODIS,35,6.03,298.4,37.5,D,0,46.308246678321744,29,25,23
-22.7373,-53.6355,347.0,1.4,1.2,2022-01-27,1708,Aqua,MODIS,94,6.03,295.1,77.3,D,0,47.85140937589338,29,25,23
-23.2582,-53.8107,341.4,1.0,1.0,2022-02-01,1726,Aqua,MODIS,88,6.03,308.7,30.6,D,0,14.779936646669226,32,26,20
-22.8023,-53.5847,313.4,1.0,1.0,2022-02-02,1339,Terra,MODIS,58,6.03,293.1,9.8,D,0,42.031465535853634,30,25,21
-23.3858,-53.87,318.4,4.1,1.9,2022-02-02,1809,Aqua,MODIS,0,6.03,293.8,70.4,D,0,29.721975995526726,30,25,21
-23.3185,-53.8665,324.8,1.6,1.2,2022-02-14,1403,Terra,MODIS,48,6.03,304.7,23.3,D,0,23.570674663688383,34,27,22
-23.3857,-53.8751,323.1,1.6,1.2,2022-02-14,1403,Terra,MODIS,0,6.03,304.7,19.6,D,0,30.00077503209984,34,27,22
-23.3875,-53.8596,321.7,1.6,1.2,2022-02-14,1403,Terra,MODIS,0,6.03,303.1,15.9,D,0,29.31615093783564,34,27,22
-23.0877,-53.7335,321.9,2.5,1.5,2022-02-14,1655,Aqua,MODIS,40,6.03,300.7,32.1,D,0,8.57893863186088,34,27,22
-23.0672,-53.7026,320.2,2.1,1.4,2022-02-21,1409,Terra,MODIS,41,6.03,300.5,29.5,D,0,10.575399361690774,35,28,22
-23.1339,-53.474,324.5,1.9,1.3,2022-02-21,1701,Aqua,MODIS,39,6.03,295.9,26.6,D,0,24.422054229228237,35,28,22
-23.2278,-53.8736,305.9,1.1,1.0,2022-02-24,206,Terra,MODIS,66,6.03,291.9,5.6,N,0,18.167544395278888,35,29,23
-23.2075,-53.7217,329.9,1.1,1.0,2022-02-24,1731,Aqua,MODIS,0,6.03,307.3,11.2,D,0,5.178402865513983,35,29,23
-23.3353,-53.7654,356.1,1.0,1.0,2022-02-24,1731,Aqua,MODIS,0,6.03,306.3,60.9,D,0,20.058392178755206,35,29,23
-23.231,-53.8747,331.8,1.0,1.0,2022-02-24,1731,Aqua,MODIS,68,6.03,300.1,19.3,D,0,18.41570550879559,35,29,23
-22.8175,-53.5942,326.9,1.0,1.0,2022-02-26,1719,Aqua,MODIS,19,6.03,306.6,14.1,D,0,40.1260618342404,36,29,23
-22.8154,-53.6133,331.0,2.5,1.5,2022-03-08,1755,Aqua,MODIS,42,6.03,307.2,48.3,D,0,39.81404610026444,33,28,22
-23.2308,-53.8017,320.3,1.1,1.0,2022-04-21,1349,Terra,MODIS,74,6.03,298.5,14.6,D,0,12.02703881701799,29,23,18
-23.0803,-53.2441,313.9,1.0,1.0,2022-04-30,1343,Terra,MODIS,66,6.03,297.2,7.3,D,0,48.59326467466663,28,23,20
-23.0716,-53.2468,313.4,1.0,1.0,2022-04-30,1343,Terra,MODIS,57,6.03,296.7,6.2,D,0,48.514730627787536,28,23,20
-23.0698,-53.5768,308.3,2.8,1.6,2022-05-25,1800,Aqua,MODIS,42,6.03,296.7,19.2,D,0,17.12256575865237,27,20,16
-23.4943,-53.4882,317.5,1.2,1.1,2022-07-02,1716,Aqua,MODIS,69,6.03,303.2,11.3,D,0,43.38614355676952,28,21,16
-23.103,-53.5667,310.1,1.2,1.1,2022-07-14,1738,Aqua,MODIS,24,6.03,298.7,5.6,D,0,16.138742360030744,28,22,18
-23.0951,-53.58,310.7,1.2,1.1,2022-07-14,1738,Aqua,MODIS,48,6.03,298.8,6.5,D,0,15.313732412961636,28,22,18
-23.234,-53.7958,334.6,1.2,1.1,2022-07-25,1717,Aqua,MODIS,85,6.03,305.8,35.4,D,0,11.806355633469703,30,23,18
-23.2355,-53.8073,319.5,1.2,1.1,2022-07-25,1717,Aqua,MODIS,67,6.03,305.3,12.6,D,0,12.801032277862264,30,23,18
-23.2243,-53.7973,317.1,1.2,1.1,2022-07-25,1717,Aqua,MODIS,60,6.03,305.0,10.1,D,0,11.223752961877555,30,23,18
-23.1374,-53.6164,316.1,1.6,1.2,2022-07-28,1747,Aqua,MODIS,44,6.03,300.9,13.3,D,0,10.041582005406386,30,23,17
-23.1099,-53.5798,316.1,1.0,1.0,2022-08-15,1731,Aqua,MODIS,49,6.03,304.5,6.4,D,0,14.603509303461934,32,25,20
-23.0837,-53.5194,319.4,1.0,1.0,2022-08-15,1731,Aqua,MODIS,63,6.03,305.9,8.1,D,0,21.431409968406662,32,25,20
-23.5829,-53.7899,302.0,1.0,1.0,2022-08-20,1339,Terra,MODIS,50,6.03,291.1,3.2,D,0,47.49150661846648,20,12,7
-23.0787,-53.5251,316.4,1.1,1.0,2022-08-22,1735,Aqua,MODIS,63,6.03,300.9,7.9,D,0,21.13809535794003,24,18,14
-23.4262,-53.3926,319.4,1.1,1.1,2022-08-27,1345,Terra,MODIS,65,6.03,301.9,12.1,D,0,43.815950227717316,30,23,18
-23.4248,-53.4036,317.1,1.1,1.1,2022-08-27,1345,Terra,MODIS,58,6.03,301.9,9.7,D,0,42.88292681138174,30,23,18
-23.3784,-53.5612,338.6,3.1,1.7,2022-11-05,1408,Terra,MODIS,89,6.03,300.4,171.7,D,0,28.510448447762553,24,19,13
-23.3792,-53.5558,345.8,3.1,1.7,2022-11-05,1408,Terra,MODIS,93,6.03,301.1,235.4,D,0,28.884380261172243,24,19,13
-23.3809,-53.5313,320.2,3.1,1.7,2022-11-05,1408,Terra,MODIS,71,6.03,301.6,52.5,D,0,30.48005064594977,24,19,13
-23.147,-54.1525,327.4,1.0,1.0,2022-11-28,1334,Terra,MODIS,55,6.03,306.8,12.0,D,0,45.179055821093556,30,24,20
-23.1555,-54.1617,317.6,3.8,1.8,2022-11-29,1415,Terra,MODIS,44,6.03,295.7,48.7,D,0,46.09305004280381,29,24,19
-23.1484,-54.1565,320.6,3.8,1.8,2022-11-29,1415,Terra,MODIS,71,6.03,295.7,69.1,D,0,45.58206280482745,29,24,19
-23.2058,-53.8022,302.2,1.7,1.3,2022-11-30,223,Terra,MODIS,48,6.03,290.1,9.9,N,0,10.526705361024773,30,24,18
-23.1349,-54.1432,319.7,1.5,1.2,2022-12-08,1353,Terra,MODIS,41,6.03,301.3,14.6,D,0,44.30204296152869,34,28,23
-22.7397,-53.8032,318.1,1.6,1.2,2022-12-08,1353,Terra,MODIS,27,6.03,298.6,15.4,D,0,47.89922459454272,34,28,23
-22.7618,-53.8063,318.2,1.6,1.2,2022-12-08,1353,Terra,MODIS,40,6.03,298.8,16.2,D,0,45.55953739438138,34,28,23
-22.7971,-53.8876,316.3,1.6,1.2,2022-12-08,1353,Terra,MODIS,57,6.03,298.3,12.5,D,0,44.42455788465765,34,28,23
-23.1327,-54.1363,321.5,1.5,1.2,2022-12-08,1353,Terra,MODIS,27,6.03,301.8,16.5,D,0,43.616177039652506,34,28,23
-23.0337,-53.9853,317.6,1.1,1.0,2022-12-08,1726,Aqua,MODIS,43,6.03,301.6,7.3,D,0,31.483706875941472,33,28,23
-23.2249,-53.8064,324.1,1.1,1.0,2022-12-16,155,Terra,MODIS,100,6.03,293.5,24.3,N,0,12.0080429401208,30,25,19
